filename,label
audio_128.wav,2.8244
audio_156.wav,3.7955
audio_19.wav,4.1586
audio_108.wav,2.1346
audio_206.wav,1.9985
audio_161.wav,2.724
audio_215.wav,2.8079
audio_213.wav,2.3521
audio_11.wav,3.307
audio_155.wav,3.2278
audio_39.wav,2.813
audio_168.wav,2.7416
audio_133.wav,2.2214
audio_28.wav,2.9574
audio_40.wav,3.0507
audio_181.wav,2.5961
audio_201.wav,3.0131
audio_182.wav,2.6914
audio_126.wav,2.6038
audio_10.wav,2.1311
audio_134.wav,2.2069
audio_69.wav,4.7472
audio_112.wav,3.5606
audio_180.wav,2.2229
audio_177.wav,2.6976
audio_77.wav,5.0
audio_111.wav,3.0742
audio_18.wav,3.8907
audio_175.wav,4.5279
audio_33.wav,3.2073
audio_15.wav,2.6142
audio_4.wav,3.5794
audio_27.wav,2.519
audio_96.wav,3.1315
audio_116.wav,2.7785
audio_1.wav,2.0571
audio_22.wav,3.7129
audio_114.wav,2.2104
audio_146.wav,2.9546
audio_46.wav,5.0
audio_144.wav,3.1246
audio_75.wav,4.9292
audio_200.wav,2.846
audio_196.wav,2.3018
audio_190.wav,3.5184
audio_158.wav,2.536
audio_17.wav,2.2557
audio_105.wav,4.1428
audio_141.wav,3.7478
audio_129.wav,3.5351
audio_6.wav,3.2831
audio_70.wav,4.9781
audio_35.wav,3.7473
audio_203.wav,3.5155
audio_90.wav,3.529
audio_16.wav,3.3176
audio_138.wav,3.9004
audio_100.wav,3.1257
audio_115.wav,2.3932
audio_118.wav,3.936
audio_137.wav,3.6164
audio_101.wav,3.3614
audio_193.wav,2.2335
audio_102.wav,3.7878
audio_52.wav,3.2473
audio_172.wav,2.5564
audio_191.wav,3.3718
audio_194.wav,2.5542
audio_67.wav,3.0529
audio_160.wav,3.0551
audio_179.wav,2.158
audio_55.wav,2.6726
audio_145.wav,3.6332
audio_197.wav,3.3079
audio_139.wav,2.8691
audio_91.wav,4.1061
audio_8.wav,2.2007
audio_136.wav,3.3792
audio_199.wav,2.4473
audio_110.wav,3.92
audio_208.wav,2.7196
audio_152.wav,4.0699
audio_94.wav,2.9221
audio_174.wav,3.4445
audio_23.wav,4.2326
audio_56.wav,2.5823
audio_97.wav,3.0908
audio_148.wav,3.5682
audio_59.wav,2.7771
audio_5.wav,2.5137
audio_119.wav,4.0323
audio_80.wav,3.5531
audio_58.wav,2.634
audio_123.wav,3.4443
audio_188.wav,2.9315
audio_121.wav,2.342
audio_107.wav,3.0481
audio_214.wav,3.6003
audio_73.wav,5.0
audio_169.wav,3.7403
audio_7.wav,2.5447
audio_42.wav,3.3879
audio_88.wav,4.5572
audio_64.wav,2.2456
audio_195.wav,2.1299
audio_57.wav,2.5526
audio_13.wav,2.6826
audio_125.wav,3.7859
audio_209.wav,2.8917
audio_211.wav,2.5064
audio_63.wav,2.3056
audio_86.wav,4.9817
audio_78.wav,5.0
audio_38.wav,3.4526
audio_186.wav,2.2455
audio_154.wav,3.372
audio_21.wav,2.3206
audio_120.wav,2.9042
audio_183.wav,2.5254
audio_25.wav,3.4548
audio_122.wav,2.4924
audio_36.wav,3.7953
audio_76.wav,4.9797
audio_163.wav,2.9082
audio_83.wav,4.8271
audio_103.wav,2.704
audio_93.wav,3.8155
audio_26.wav,3.4493
audio_72.wav,5.0
audio_210.wav,2.7153
audio_104.wav,2.2685
audio_81.wav,3.869
audio_166.wav,2.8651
audio_202.wav,2.8433
audio_185.wav,2.241
audio_9.wav,1.9857
audio_207.wav,2.2404
audio_127.wav,3.1747
audio_12.wav,2.7026
audio_132.wav,2.5763
audio_109.wav,2.0543
audio_32.wav,3.1892
audio_178.wav,3.7232
audio_61.wav,2.588
audio_34.wav,3.2201
audio_106.wav,2.187
audio_49.wav,4.8556
audio_149.wav,3.5227
audio_30.wav,4.3944
audio_131.wav,2.9077
audio_162.wav,2.0191
audio_204.wav,3.5637
audio_198.wav,3.0399
audio_135.wav,3.4963
audio_187.wav,2.5149
audio_3.wav,2.775
audio_98.wav,3.2709
audio_159.wav,3.296
audio_167.wav,2.1293
audio_205.wav,2.1711
audio_95.wav,2.9994
audio_68.wav,4.6408
audio_31.wav,4.1473
audio_157.wav,2.4974
audio_89.wav,4.4896
audio_82.wav,4.8177
audio_53.wav,3.4331
audio_37.wav,4.177
audio_113.wav,2.6875
audio_85.wav,4.8612
audio_173.wav,3.9775
audio_41.wav,4.9284
audio_51.wav,2.9479
audio_143.wav,3.3795
audio_92.wav,3.8867
audio_74.wav,5.0
audio_0.wav,3.2296
audio_147.wav,3.2969
audio_130.wav,2.1072
audio_192.wav,2.7388
audio_43.wav,4.9027
audio_65.wav,2.3979
audio_14.wav,3.2774
audio_117.wav,3.7316
audio_212.wav,2.0161
audio_79.wav,3.8052
audio_171.wav,2.7319
audio_60.wav,2.5096
audio_153.wav,3.1556
audio_176.wav,2.9432
audio_2.wav,3.4811
audio_50.wav,4.9501
audio_29.wav,3.6785
audio_142.wav,3.8284
audio_47.wav,3.3812
audio_84.wav,4.5646
audio_164.wav,2.4873
audio_48.wav,4.5432
audio_189.wav,2.4452
audio_151.wav,3.311
audio_66.wav,2.6975
audio_44.wav,3.3538
audio_150.wav,3.3976
audio_87.wav,4.8893
audio_99.wav,3.2735
audio_62.wav,3.1459
audio_20.wav,2.3948
audio_124.wav,2.6282
audio_54.wav,2.9127
audio_45.wav,4.9182
audio_71.wav,5.0
audio_184.wav,2.681
audio_24.wav,2.5857
audio_140.wav,3.6176
audio_165.wav,2.5298
audio_170.wav,2.5859
